,City,Lat,Lng,Max Temp,Humidity,Cloudiness,Wind Speed,Country,Date
0,Vaini,-21.2,-175.2,71.76,78,75,10.36,TO,1660424802
1,Kutum,14.2,24.6667,77.13,63,86,5.64,SD,1660424803
2,Ust-Nera,64.5667,143.2,62.47,70,95,5.79,RU,1660424805
3,Douglas,41.3,-96.167,89.42,61,0,13.8,US,1660424366
4,Sawtell,-30.3833,153.1,48.22,81,1,8.05,AU,1660424807
5,Ushuaia,-54.8,-68.3,33.51,69,100,8.05,AR,1660424533
6,Kiryat Gat,31.61,34.7642,79.48,100,1,5.37,IL,1660424809
7,Guarujá,-23.9931,-46.2564,71.89,26,4,6.55,BR,1660424812
8,Hobart,-42.8794,147.3294,52.27,96,100,17.27,AU,1660424552
9,Carnarvon,-24.8667,113.6333,63.25,76,0,10.07,AU,1660424814
10,Castro,-24.7911,-50.0119,58.01,73,100,3.85,BR,1660424818
11,Nantucket,41.2835,-70.0995,75.34,58,40,13.8,US,1660424754
12,Kapaa,22.0752,-159.319,82.47,70,40,12.66,US,1660424820
13,Port Blair,11.6667,92.75,80.67,84,100,12.48,IN,1660424822
14,Znamenskoye,57.1281,73.8282,54.0,91,41,11.39,RU,1660424823
15,San Borja,-14.8167,-66.85,90.07,41,17,6.38,BO,1660424824
16,Albany,42.6001,-73.9662,78.46,41,2,1.01,US,1660424635
17,Yellowknife,62.456,-114.3525,71.56,46,11,11.01,CA,1660424637
18,Saint George,37.1041,-113.5841,91.94,40,0,5.99,US,1660424828
19,Nikolskoye,59.7035,30.7861,63.81,70,96,3.69,RU,1660424829
20,Owando,-0.4819,15.8999,83.53,41,100,2.42,CG,1660424831
21,Punta Arenas,-53.15,-70.9167,35.71,93,100,16.11,CL,1660424832
22,Mar del Plata,-38.0023,-57.5575,56.88,70,54,18.01,AR,1660424559
23,Waingapu,-9.6567,120.2641,76.14,87,19,7.56,ID,1660424835
24,Korla,41.7597,86.1469,76.77,41,43,9.62,CN,1660424836
25,Ponta do Sol,32.6667,-17.1,74.03,81,75,4.12,PT,1660424837
26,Clyde River,70.4692,-68.5914,45.16,78,100,1.97,CA,1660424598
27,Mataura,-46.1927,168.8643,44.47,94,7,2.39,NZ,1660424840
28,Severo-Kuril'sk,50.6789,156.125,56.5,96,100,10.38,RU,1660424841
29,Saint Paul Harbor,57.79,-152.4072,52.61,92,99,2.95,US,1660424545
30,Orsha,54.5153,30.4053,63.25,90,44,7.83,BY,1660424843
31,Mossamedes,-15.1961,12.1522,64.31,90,66,2.66,AO,1660424846
32,East London,-33.0153,27.9116,58.05,85,84,12.24,ZA,1660424556
33,Chokurdakh,70.6333,147.9167,36.97,86,78,9.69,RU,1660424596
34,Bengkulu,-3.8004,102.2655,75.15,89,100,3.69,ID,1660424850
35,Busselton,-33.65,115.3333,52.57,69,30,6.08,AU,1660424851
36,Tuatapere,-46.1333,167.6833,36.9,83,2,4.32,NZ,1660424852
37,Hamilton,39.1834,-84.5333,84.65,46,24,4.0,US,1660424175
38,Tiznit Province,29.5833,-9.5,76.15,58,76,2.44,MA,1660424855
39,Torrevieja,37.9787,-0.6822,90.01,38,4,3.0,ES,1660424856
40,Rikitea,-23.1203,-134.9692,73.22,78,34,22.3,PF,1660424857
41,Avarua,-21.2078,-159.775,75.25,88,75,5.75,CK,1660424859
42,Puerto Ayora,-0.7393,-90.3518,76.96,91,100,7.0,EC,1660424860
43,Vardø,70.3705,31.1107,53.58,76,75,14.97,NO,1660424697
44,São João da Barra,-21.6403,-41.0511,71.69,62,2,13.51,BR,1660424864
45,Barrow,71.2906,-156.7887,33.82,93,100,9.22,US,1660424625
46,Elblag,54.1522,19.4088,72.97,71,61,8.41,PL,1660424695
47,Arraial do Cabo,-22.9661,-42.0278,69.66,64,0,12.66,BR,1660424867
48,Pevek,69.7008,170.3133,34.16,81,82,7.0,RU,1660424870
49,Bluff,-46.6,168.3333,44.8,75,10,21.12,NZ,1660424871
50,Arcoverde,-8.4189,-37.0539,66.81,80,82,10.98,BR,1660424873
51,Port Alfred,-33.5906,26.891,54.54,85,28,6.2,ZA,1660424874
52,Jamestown,42.097,-79.2353,75.02,54,96,5.01,US,1660424370
53,Airai,-8.9266,125.4092,55.9,69,5,3.6,TL,1660424663
54,Qaanaaq,77.484,-69.3632,42.46,71,100,13.44,GL,1660424879
55,Alta Floresta,-9.8756,-56.0861,95.63,18,10,2.21,BR,1660424880
56,Houma,29.5958,-90.7195,90.0,72,89,8.01,US,1660424881
57,Williston,48.147,-103.618,89.04,43,10,5.99,US,1660424487
58,Souillac,-20.5167,57.5167,69.46,67,95,17.2,MU,1660424885
59,São José da Coroa Grande,-8.8978,-35.1478,74.97,71,79,12.95,BR,1660424886
60,Cape Town,-33.9258,18.4232,53.89,79,45,10.0,ZA,1660424888
61,Namatanai,-3.6667,152.4333,78.58,77,100,5.06,PG,1660424889
62,Lebu,-37.6167,-73.65,53.2,89,100,18.72,CL,1660424890
63,Geraldton,-28.7667,114.6,48.61,93,38,12.66,AU,1660424892
64,Koslan,63.4564,48.8989,54.12,59,100,4.27,RU,1660424893
65,Lüderitz,-26.6481,15.1594,53.83,80,16,7.72,NA,1660424894
66,Kruisfontein,-34.0033,24.7314,43.88,83,1,7.78,ZA,1660424896
67,Hilo,19.7297,-155.09,89.28,73,100,5.01,US,1660424865
68,Mejorada del Campo,40.3928,-3.4819,77.72,50,0,6.91,ES,1660424898
69,Qandala,11.472,49.8728,89.31,53,100,7.58,SO,1660424900
70,Dikson,73.5069,80.5464,44.83,100,100,7.36,RU,1660424901
71,Zharkent,44.1628,80.0,68.7,33,0,7.31,KZ,1660424870
72,Inuvik,68.3499,-133.7218,76.42,33,46,6.33,CA,1660424903
73,Nahrin,36.0649,69.1334,71.31,31,4,1.03,AF,1660424905
74,Lavrentiya,65.5833,-171.0,39.51,69,83,14.85,RU,1660424907
75,Kambove,-10.8764,26.5969,62.4,39,37,3.09,CD,1660424908
76,San Quintín,30.4833,-115.95,77.43,70,6,10.16,MX,1660424624
77,Tiksi,71.6872,128.8694,40.1,90,44,16.93,RU,1660424911
78,Agen,44.2,0.6333,80.69,69,100,13.8,FR,1660424912
79,Aksarka,66.5606,67.7975,46.87,82,71,10.96,RU,1660424914
80,Touros,-5.1989,-35.4608,76.78,74,12,16.87,BR,1660424915
81,Palmer,42.1584,-72.3287,76.77,45,75,12.66,US,1660424916
82,Sugbongcogon,8.9553,124.7853,78.82,81,83,5.08,PH,1660424918
83,Rawson,-43.3002,-65.1023,62.13,39,99,33.15,AR,1660424919
84,Atuona,-9.8,-139.0333,77.52,72,13,19.86,PF,1660424921
85,Springbok,-29.6643,17.8865,42.51,91,70,10.09,ZA,1660424922
86,Hasaki,35.7333,140.8333,79.2,86,66,19.91,JP,1660424923
87,Kavaratti,10.5669,72.642,81.1,79,100,12.97,IN,1660424925
88,Tilichiki,60.4667,166.1,57.24,87,100,3.22,RU,1660424926
89,Den Chai,17.9837,100.0522,72.99,98,53,1.16,TH,1660424927
90,Saint-Philippe,-21.3585,55.7679,67.59,73,53,14.94,RE,1660424932
91,Ancud,-41.8697,-73.8203,46.87,79,41,22.88,CL,1660424933
92,Pisco,-13.7,-76.2167,65.01,82,0,10.36,PE,1660424935
93,Rosendal,59.9867,6.0135,64.53,82,7,2.01,NO,1660424936
94,Upernavik,72.7868,-56.1549,45.57,71,100,5.91,GL,1660424937
95,Mendi,-6.1761,143.6513,52.34,97,67,3.18,PG,1660424940
96,Bereket,39.2446,55.5154,85.26,17,0,7.76,TM,1660424941
97,Hithadhoo,-0.6,73.0833,82.49,75,90,6.26,MV,1660424942
98,Vila Velha,-20.3297,-40.2925,73.35,65,75,4.61,BR,1660424944
99,Bredasdorp,-34.5322,20.0403,48.83,82,98,14.52,ZA,1660424945
100,Ugoofaaru,5.6667,73.0,81.63,76,24,9.31,MV,1660424946
101,Fairbanks,64.8378,-147.7164,73.09,62,0,1.01,US,1660424846
102,Villa María,-32.4075,-63.2402,73.81,47,2,12.73,AR,1660424949
103,Takhli,15.2634,100.3438,81.75,89,78,5.06,TH,1660424950
104,Grand Gaube,-20.0064,57.6608,68.38,67,92,8.99,MU,1660424954
105,Port-Gentil,-0.7193,8.7815,73.36,88,40,10.36,GA,1660424843
106,College,64.8569,-147.8028,73.08,63,75,0.0,US,1660424715
107,Saint Anthony,45.0205,-93.218,71.49,68,100,13.8,US,1660424957
108,Hermanus,-34.4187,19.2345,51.8,70,52,22.66,ZA,1660424959
109,Labuhan,-6.8844,112.2051,77.88,87,72,6.11,ID,1660424961
110,Moerai,-22.4333,-151.3333,74.3,86,89,12.53,PF,1660424963
111,Iqaluit,63.7506,-68.5145,52.7,66,99,11.01,CA,1660424964
112,Havøysund,70.9963,24.6622,50.23,79,100,12.57,NO,1660424965
113,Saskylakh,71.9167,114.0833,42.93,72,47,4.21,RU,1660424907
114,Vestmanna,62.1564,-7.1664,50.92,87,100,6.91,FO,1660424968
115,Nome,64.5011,-165.4064,51.87,82,100,8.05,US,1660424969
116,Cabo San Lucas,22.8909,-109.9124,94.6,73,62,3.0,MX,1660424970
117,Batagay,67.6333,134.6333,43.84,87,82,3.67,RU,1660424855
118,Coronel Vivida,-25.9797,-52.5678,60.08,80,100,3.65,BR,1660424973
119,Yārāda,17.65,83.2667,80.4,82,100,12.73,IN,1660424974
120,New Norfolk,-42.7826,147.0587,51.93,87,100,8.01,AU,1660424976
121,Rondonópolis,-16.4708,-54.6356,89.19,17,0,2.95,BR,1660424978
122,Bandarbeyla,9.4942,50.8122,76.62,81,44,31.83,SO,1660424979
123,Esperance,-33.8667,121.9,55.33,83,61,21.23,AU,1660424981
124,Port Said,31.2565,32.2841,80.49,72,0,14.79,EG,1660424921
125,Longyearbyen,78.2186,15.6401,42.64,87,75,10.36,SJ,1660424983
126,George Town,5.4112,100.3354,79.9,85,20,4.61,MY,1660424747
127,Kavieng,-2.5744,150.7967,80.51,77,100,8.7,PG,1660424986
128,Thompson,55.7435,-97.8558,77.31,28,4,2.26,CA,1660424987
129,Nemuro,43.3236,145.575,66.67,97,100,6.6,JP,1660424867
130,Tonantins,-2.8731,-67.8022,83.93,69,77,1.83,BR,1660424989
131,Leningradskiy,69.3833,178.4167,34.66,80,89,6.4,RU,1660424991
132,Dingle,10.9995,122.6711,76.42,91,100,2.26,PH,1660424993
133,Evanston,42.0411,-87.6901,78.94,56,75,18.41,US,1660424741
134,Plouzané,48.3833,-4.6167,68.32,66,100,11.5,FR,1660424996
135,Ostrovnoy,68.0531,39.5131,48.13,83,66,5.91,RU,1660424999
136,Flin Flon,54.7682,-101.865,79.29,30,0,2.59,CA,1660425001
137,Provideniya,64.3833,-173.3,44.38,72,99,5.19,RU,1660425002
138,Codrington,-38.2667,141.9667,49.26,89,85,12.06,AU,1660425003
139,Diré,12.2833,-10.9667,72.93,97,90,3.22,ML,1660425005
140,Palana,59.1167,159.9667,56.3,84,97,5.01,RU,1660425006
141,Isangel,-19.55,169.2667,73.98,74,60,16.4,VU,1660424922
142,Luba,3.4568,8.5547,76.5,87,100,12.24,GQ,1660425010
143,Sioux Lookout,50.1001,-91.917,82.27,34,33,6.11,CA,1660425011
144,Talnakh,69.4865,88.3972,51.21,60,96,9.01,RU,1660425012
145,Vitim,59.4511,112.5578,44.64,95,3,1.52,RU,1660425014
146,Tasiilaq,65.6145,-37.6368,41.16,61,8,5.91,GL,1660424924
147,Te Anau,-45.4167,167.7167,35.87,88,47,0.98,NZ,1660425016
148,Lorengau,-2.0226,147.2712,81.59,73,100,6.33,PG,1660425018
149,Ust-Tsilma,65.441,52.1498,51.17,75,97,9.37,RU,1660425019
150,Shenjiamen,29.9576,122.298,80.78,88,100,21.47,CN,1660425020
151,Weligama,5.9667,80.4167,78.44,88,83,10.11,LK,1660425022
152,Sānchor,24.7553,71.7722,80.78,79,95,13.58,IN,1660425023
153,Acapulco de Juárez,16.8634,-99.8901,85.82,70,75,10.36,MX,1660425024
154,Jalu,29.0331,21.5482,83.25,53,0,14.18,LY,1660425026
155,Ciudad del Carmen,18.6333,-91.8333,91.44,55,20,10.36,MX,1660425027
156,Taoudenni,22.6783,-3.9836,94.3,28,16,23.13,ML,1660425028
157,Luján,-34.5703,-59.105,70.02,63,9,8.79,AR,1660424811
158,Beloha,-25.1667,45.05,65.53,62,0,6.29,MG,1660425031
159,The Pas,53.8251,-101.2541,76.84,43,35,1.5,CA,1660425032
160,Mana,5.6592,-53.7767,82.27,75,57,13.87,GF,1660425034
161,Portland,45.5234,-122.6762,81.57,49,20,6.91,US,1660425030
162,Grindavik,63.8424,-22.4338,50.47,76,75,5.75,IS,1660425037
163,Japura,-0.3167,102.35,74.48,97,100,1.97,ID,1660425039
164,General Roca,-39.0333,-67.5833,65.44,26,60,15.93,AR,1660425040
165,Iquitos,-3.7481,-73.2472,91.44,52,40,3.44,PE,1660425041
166,Gijang,35.2442,129.2139,79.07,88,65,7.45,KR,1660425043
167,Xinzhou,38.4092,112.7333,71.76,98,100,1.34,CN,1660425044
168,Loukhi,66.0764,33.0381,50.5,69,6,5.44,RU,1660425045
169,Linxia Chengguanzhen,35.6003,103.2064,67.51,87,100,1.21,CN,1660425047
170,Tuktoyaktuk,69.4541,-133.0374,57.33,67,88,5.68,CA,1660425048
171,Camocim,-2.9022,-40.8411,79.83,72,41,19.86,BR,1660425049
172,Klaksvík,62.2266,-6.589,52.72,87,100,7.85,FO,1660425051
173,Abu Dhabi,24.4667,54.3667,95.11,57,0,3.44,AE,1660424896
174,Swellendam,-34.0226,20.4417,49.28,75,100,9.31,ZA,1660425053
175,Santa Cruz de Tenerife,28.4682,-16.2546,77.59,83,75,18.41,ES,1660425054
176,Escárcega,18.6089,-90.7454,99.27,30,95,3.62,MX,1660425057
177,Faya,18.3851,42.4509,68.52,63,96,7.4,SA,1660425058
178,Port Macquarie,-31.4333,152.9167,42.89,74,0,6.96,AU,1660425060
179,Kalmunai,7.4167,81.8167,79.88,82,100,3.18,LK,1660425061
180,Neiafu,-18.65,-173.9833,77.68,61,20,5.75,TO,1660425062
181,Mlyniv,50.509,25.6168,67.93,95,54,8.61,UA,1660425064
182,Pizarro,4.9533,-77.366,80.33,79,86,6.93,CO,1660425065
183,Torbay,47.6666,-52.7314,68.76,88,78,5.01,CA,1660425066
184,Rosarito,32.3333,-117.0333,93.67,67,37,7.87,MX,1660425068
185,Moshupa,-24.7782,25.4155,61.92,18,20,11.14,BW,1660425069
186,Coahuayana Viejo,18.7333,-103.6833,86.16,69,76,7.34,MX,1660425070
187,Mahébourg,-20.4081,57.7,68.25,65,92,20.11,MU,1660425072
188,Salalah,17.0151,54.0924,73.49,100,100,3.44,OM,1660425073
189,Jumla,29.2747,82.1838,60.58,92,27,2.15,NP,1660425074
190,Cockburn Town,21.4612,-71.1419,82.38,75,38,13.47,TC,1660425076
191,Chui,-33.6971,-53.4616,58.08,90,14,5.44,UY,1660425078
192,Ribeira Grande,38.5167,-28.7,77.0,84,8,8.05,PT,1660425080
193,Tshela,-4.9833,12.9333,66.9,80,3,2.33,CD,1660425082
194,Cherskiy,68.75,161.3,43.61,63,100,5.66,RU,1660424935
195,Hong Kong,22.2855,114.1577,82.33,90,6,2.42,HK,1660424919
196,Ganzhou,28.8184,115.4327,80.98,65,85,4.72,CN,1660425086
197,Nouadhibou,20.931,-17.0347,72.73,87,17,15.03,MR,1660425087
198,Lamu,-2.2717,40.902,75.42,87,64,15.32,KE,1660425088
199,Yerofey Pavlovich,53.9667,121.9667,50.49,95,12,1.68,RU,1660425090
200,Nānākuli,21.3906,-158.1547,85.37,51,20,11.5,US,1660425091
201,Stornoway,58.2093,-6.3865,55.36,93,100,4.61,GB,1660425092
202,St. George's,12.0564,-61.7485,81.28,80,100,7.99,GD,1660425094
203,Barabai,-2.5833,115.3833,71.94,97,97,0.96,ID,1660425095
204,Andenes,69.3143,16.1194,51.93,71,75,25.32,NO,1660425098
205,Muros,42.7762,-9.0603,62.49,91,2,1.83,ES,1660425099
206,Kaitangata,-46.2817,169.8464,39.22,84,7,9.6,NZ,1660425100
207,Butaritari,3.0707,172.7902,81.03,78,25,15.84,KI,1660425102
208,Amfiklia,38.6333,22.5833,73.54,58,31,2.39,GR,1660425103
209,Turan,16.0678,108.2208,78.78,89,20,2.3,VN,1660424944
210,Nāngloi Jāt,28.6833,77.0667,90.34,94,40,4.61,IN,1660425107
211,Usinsk,65.9939,57.5281,46.13,80,81,13.71,RU,1660425108
212,Bethel,41.3712,-73.414,79.65,49,75,11.5,US,1660425109
213,Øksfjord,70.2396,22.3479,51.98,77,100,6.22,NO,1660425111
214,Aklavik,68.2191,-135.0107,69.84,45,34,14.74,CA,1660425113
215,Tamisan,6.8437,126.2984,78.48,86,75,5.12,PH,1660425114
216,Goba,7.0167,39.9833,52.99,94,80,2.01,ET,1660425116
217,Bang Yai,13.8434,100.3625,82.02,84,78,4.59,TH,1660425117
218,Manama,26.2154,50.5832,98.58,44,0,3.44,BH,1660424556
219,Aykhal,66.0,111.5,44.98,82,100,6.29,RU,1660425120
220,Sitka,57.0531,-135.33,60.69,77,100,10.36,US,1660425121
221,Río Gallegos,-51.6226,-69.2181,37.45,81,100,19.57,AR,1660425122
222,Muscat,23.6139,58.5922,89.62,66,97,13.33,OM,1660425124
223,Mound,44.9366,-93.6661,71.47,37,17,11.81,US,1660424989
224,Pitsunda,43.1592,40.3378,77.18,76,0,3.47,GE,1660425126
225,Shingū,33.7333,135.9833,79.25,89,98,5.5,JP,1660425127
226,Macusani,-14.0833,-70.4333,46.31,56,47,9.24,PE,1660425129
227,Henties Bay,-22.116,14.2845,54.75,85,5,13.24,NA,1660425130
228,Jinka,5.65,36.65,65.26,75,91,1.16,ET,1660425131
229,Mehamn,71.0357,27.8492,49.95,87,100,8.05,NO,1660424897
230,Goderich,43.7501,-81.7165,69.91,62,99,5.55,CA,1660425134
231,Diapaga,12.0708,1.7889,78.57,79,79,7.07,BF,1660425135
232,Tupik,54.4253,119.9327,50.29,91,14,3.58,RU,1660425137
233,Foam Lake,51.65,-103.5343,87.57,34,8,6.42,CA,1660424900
234,San Patricio,28.017,-97.5169,93.18,50,99,10.67,US,1660425139
235,Port Shepstone,-30.7414,30.455,62.42,81,100,3.69,ZA,1660425015
236,Yulara,-25.2406,130.9889,47.32,46,0,4.25,AU,1660425142
237,Lagoa,39.05,-27.9833,75.47,86,0,11.3,PT,1660425143
238,Kangaatsiaq,68.3065,-53.4641,43.79,75,100,12.24,GL,1660425144
239,São João Evangelista,-18.5478,-42.7633,62.65,63,10,5.1,BR,1660425146
240,Kanniyākumāri,8.0833,77.5667,79.11,75,82,19.66,IN,1660425147
241,Porto-Novo,6.4965,2.6036,76.06,84,100,11.16,BJ,1660425148
242,Santa Isabel,-23.3156,-46.2214,71.31,66,0,1.74,BR,1660425150
243,Puerto Quijarro,-17.7833,-57.7667,89.51,29,18,2.73,BO,1660425072
244,Lyuban',52.7985,28.0048,65.97,80,100,7.72,BY,1660425152
245,Cutervo,-6.379,-78.8157,65.95,43,11,6.24,PE,1660425153
246,Makkah al Mukarramah,21.4267,39.8261,92.07,33,100,3.11,SA,1660425155
247,Tabas,33.5959,56.9244,82.45,17,0,6.71,IR,1660425156
248,Mahibadhoo,3.7833,72.9667,80.8,77,56,3.15,MV,1660425157
249,Batagay-Alyta,67.8006,130.4114,42.51,82,43,1.95,RU,1660425159
250,Faanui,-16.4833,-151.75,78.08,75,64,12.8,PF,1660425160
251,Tabou,4.423,-7.3528,75.54,83,39,9.89,CI,1660425161
252,Diffa,13.3154,12.6113,75.11,84,67,7.67,NE,1660425163
253,Trofors,65.5333,13.4063,51.67,83,100,3.11,NO,1660425164
254,Hervey Bay,-25.2986,152.8535,56.5,75,1,7.23,AU,1660424952
255,Bubaque,11.2833,-15.8333,79.16,80,100,16.98,GW,1660425167
256,Guerrero Negro,27.9769,-114.0611,85.32,51,1,13.2,MX,1660425168
257,Borogontsy,62.6683,131.1683,57.33,96,100,4.79,RU,1660425169
258,Nanzhang,31.7765,111.8386,81.99,68,92,3.51,CN,1660425171
259,Constitución,-35.3333,-72.4167,54.82,84,80,9.37,CL,1660425172
260,Phan Thiet,10.9333,108.1,76.23,85,18,5.46,VN,1660425173
261,Innisfail,-17.5333,146.0333,64.4,85,98,4.74,AU,1660425175
262,Jati,24.3539,68.2671,80.01,84,91,13.11,PK,1660425176
263,Karasjok,69.4719,25.5112,52.92,69,100,5.88,NO,1660425177
264,Cap Malheureux,-19.9842,57.6142,68.47,67,89,8.99,MU,1660425179
265,Medicine Hat,50.0501,-110.6683,94.21,25,0,1.01,CA,1660424926
266,Khorixas,-20.3667,14.9667,58.08,45,0,7.05,NA,1660425181
267,Arys,42.4252,68.795,80.29,26,0,17.92,KZ,1660425182
268,Bambous Virieux,-20.3428,57.7575,68.22,64,94,19.86,MU,1660425184
269,Maceió,-9.6658,-35.7353,80.04,69,40,10.36,BR,1660425185
270,Kibondo,-3.5864,30.7203,70.95,41,99,2.59,TZ,1660425187
271,Emerald,-23.5333,148.1667,51.24,73,0,6.82,AU,1660425188
272,Katsuura,35.1333,140.3,80.8,85,58,23.82,JP,1660425189
273,Cabra,37.4725,-4.4421,86.67,38,73,4.99,ES,1660425191
274,Haines Junction,60.7522,-137.5108,68.29,51,90,9.55,CA,1660425192
275,Talcahuano,-36.7167,-73.1167,55.08,94,100,13.8,CL,1660425049
276,Itarema,-2.9248,-39.9167,78.31,75,100,18.39,BR,1660425196
277,Biak,-0.9131,122.8766,75.4,86,78,6.17,ID,1660425197
278,Ferkessédougou,9.6,-5.2,71.38,94,99,1.97,CI,1660425198
279,Benito Juarez,19.385,-99.165,76.82,40,40,11.01,MX,1660425200
280,Zhigansk,66.7697,123.3711,47.01,79,100,13.78,RU,1660425201
281,Opuwo,-18.0607,13.84,62.64,27,0,6.35,NA,1660425202
282,Afyonkarahisar,38.75,30.6667,67.8,66,45,5.93,TR,1660425204
283,Tautira,-17.7333,-149.15,77.18,78,84,14.92,PF,1660425205
284,La Ronge,55.1001,-105.2842,66.49,47,67,5.19,CA,1660425206
285,Sri Aman,1.2376,111.4621,71.55,99,100,3.58,MY,1660425208
286,Sept-Îles,50.2001,-66.3821,68.05,68,69,3.0,CA,1660425209
287,Oktyabr'skiy,54.4815,53.471,61.34,69,98,6.51,RU,1660425210
288,Hirara,24.8,125.2833,85.15,72,66,9.73,JP,1660425212
289,Mayo,38.8876,-76.5119,86.11,46,0,8.05,US,1660425213
290,Guozhen,34.3659,107.359,82.11,65,100,3.76,CN,1660425214
291,Nelson Bay,-32.7167,152.15,52.0,80,10,13.0,AU,1660425216
292,Port Hedland,-20.3167,118.5667,64.45,72,22,8.05,AU,1660425217
293,Ürümqi,43.801,87.6005,70.75,43,0,4.47,CN,1660425218
294,Joniškis,56.2403,23.6153,65.32,81,2,6.55,LT,1660425221
295,Norman Wells,65.282,-126.8329,84.99,24,6,8.66,CA,1660425222
296,New Orleans,29.9547,-90.0751,91.99,66,75,23.02,US,1660425000
297,Viloco,-16.95,-67.55,54.52,34,31,8.34,BO,1660425226
298,Champerico,14.3,-91.9167,84.31,67,91,6.29,GT,1660425227
299,Maltahöhe,-24.8333,16.9833,48.97,51,10,7.36,NA,1660425228
300,Sabzawār,36.2126,57.6819,75.04,22,0,8.3,IR,1660425230
301,Narsaq,60.9167,-46.05,50.22,95,100,1.32,GL,1660425231
302,Roebourne,-20.7833,117.1333,69.01,63,37,5.64,AU,1660425232
303,Camapuã,-19.5314,-54.0439,81.66,21,0,1.23,BR,1660425234
304,Matara,5.9485,80.5353,78.12,89,79,9.91,LK,1660425235
305,Mangochi,-14.4782,35.2645,70.43,50,1,1.77,MW,1660425236
306,Vao,-22.6667,167.4833,71.31,63,100,20.02,NC,1660425238
307,Blenheim,-41.516,173.9528,41.52,75,1,1.01,NZ,1660425240
308,Homer,59.6425,-151.5483,55.78,83,100,6.91,US,1660424960
309,Karlskoga,59.3267,14.5239,65.71,63,41,1.34,SE,1660425243
310,Necoclí,8.4234,-76.786,84.27,69,29,6.04,CO,1660425244
311,Bereda,43.2686,-7.5406,61.14,87,2,2.64,ES,1660425245
312,Kabompo,-13.5927,24.2008,60.03,36,0,4.18,ZM,1660425247
313,Baykit,61.67,96.37,42.87,89,1,3.15,RU,1660425248
314,Emba,48.8264,58.1442,78.64,29,0,4.99,KZ,1660425249
315,Riyadh,24.6877,46.7219,96.94,14,76,9.31,SA,1660425214
316,Teknāf,20.8624,92.3058,78.64,91,100,15.52,BD,1660425252
317,Ereymentau,51.6199,73.1033,63.45,63,48,7.63,KZ,1660425253
318,Bismarck,46.8083,-100.7837,82.24,54,75,6.91,US,1660425255
319,Abonnema,4.7084,6.7931,75.24,90,100,7.76,NG,1660425256
320,Hof,50.3167,11.9167,65.62,79,40,5.99,DE,1660425257
321,Antropovo,58.3988,43.0066,61.48,77,57,4.45,RU,1660425259
322,Gorontalo,0.5412,123.0595,74.28,95,61,3.02,ID,1660425260
323,Ensenada,31.8667,-116.6167,78.94,76,42,9.13,MX,1660425262
324,Meulaboh,4.1363,96.1285,78.64,83,88,0.58,ID,1660425263
325,Svetlaya,46.5389,138.3297,62.64,86,37,4.94,RU,1660425264
326,Gigmoto,13.7796,124.39,80.42,82,97,2.98,PH,1660425266
327,Road Town,18.4167,-64.6167,87.89,70,20,6.91,VG,1660425189
328,Hobyo,5.3505,48.5268,76.35,84,21,21.7,SO,1660425268
329,Mahon,39.8885,4.2658,82.96,83,0,3.44,ES,1660425270
330,Birjand,32.8663,59.2211,69.85,24,2,6.51,IR,1660425271
331,San Jerónimo,-11.9472,-75.2829,62.58,40,61,9.31,PE,1660425272
332,Mbumi,-7.9058,39.2105,70.9,85,15,4.83,TZ,1660425274
333,Kununurra,-15.7667,128.7333,60.78,82,9,0.0,AU,1660425275
334,De-Kastri,51.4667,140.7833,59.67,88,100,1.12,RU,1660425276
335,San Cristobal,7.7669,-72.225,75.38,67,81,5.26,VE,1660424985
336,Dhidhdhoo,6.8833,73.1,81.5,79,69,10.83,MV,1660425280
337,Aventura,25.9565,-80.1392,88.02,73,75,6.91,US,1660425281
338,Den Helder,52.9599,4.7593,75.96,75,0,11.99,NL,1660425283
339,Conceição do Araguaia,-8.2578,-49.2647,95.7,20,19,8.34,BR,1660425285
340,Yerbogachën,61.2767,108.0108,44.98,83,89,1.86,RU,1660425286
341,Troutdale,45.5393,-122.3873,80.96,49,0,6.91,US,1660425288
342,San Fernando del Valle de Catamarca,-28.4696,-65.7852,78.78,26,0,11.01,AR,1660425289
343,Gimli,50.6336,-96.9907,81.48,50,69,5.21,CA,1660425290
344,Saint-Pierre,-21.3393,55.4781,67.91,65,0,5.75,RE,1660425292
345,Okhotsk,59.3833,143.3,57.63,95,100,5.46,RU,1660425293
346,Luanda,-8.8368,13.2343,69.8,83,75,2.3,AO,1660425294
347,Kulhudhuffushi,6.6221,73.07,81.27,79,35,10.69,MV,1660425296
348,Alyangula,-13.8483,136.4192,70.79,77,26,12.44,AU,1660425297
349,Caravelas,-17.7125,-39.2481,71.8,60,100,9.04,BR,1660425298
350,Taitung City,22.7583,121.1444,80.89,83,12,3.87,TW,1660425300
351,Broome,42.2506,-75.833,79.66,38,20,8.05,US,1660425301
352,Yangi Marg`ilon,40.4272,71.7189,74.12,49,0,4.61,UZ,1660425302
353,Alofi,-19.0595,-169.9187,75.09,60,100,10.36,NU,1660425304
354,Dukat,62.55,155.55,57.63,69,93,4.61,RU,1660425305
355,Vila Franca do Campo,37.7167,-25.4333,78.19,91,10,4.68,PT,1660425308
356,Necochea,-38.5473,-58.7368,58.48,59,58,9.71,AR,1660425309
357,Brandfort,-28.7001,26.4597,47.61,51,75,10.8,ZA,1660425310
358,Wakkanai,45.4094,141.6739,69.01,85,76,5.79,JP,1660425313
359,Lompoc,34.6391,-120.4579,92.7,63,0,14.97,US,1660425314
360,Vigrestad,58.5667,5.7,62.82,79,15,6.78,NO,1660425315
361,Chapais,49.7834,-74.8492,71.38,31,35,0.65,CA,1660425317
362,Mumford,5.2618,-0.759,74.59,85,91,17.18,GH,1660425318
363,Coquimbo,-29.9533,-71.3436,58.73,77,0,11.5,CL,1660425320
364,Sakakah,29.9697,40.2064,89.17,20,0,9.31,SA,1660425321
365,Summerville,33.0185,-80.1757,87.12,56,0,8.05,US,1660425031
366,Alice Springs,-23.7,133.8833,33.35,75,0,0.0,AU,1660425323
367,Ziyang,29.2497,117.8547,80.06,77,81,1.74,CN,1660425326
368,Cidreira,-30.1811,-50.2056,61.54,82,100,6.42,BR,1660425076
369,Araxá,-19.5933,-46.9406,76.96,31,0,2.3,BR,1660425328
370,Padang,-0.9492,100.3543,77.97,87,99,2.1,ID,1660425330
371,Ubari,26.5921,12.7805,89.46,18,0,7.11,LY,1660425331
372,Bathsheba,13.2167,-59.5167,83.01,83,40,5.75,BB,1660425332
373,Wanning,18.8003,110.3967,78.51,88,44,3.49,CN,1660425334
374,Aizpute,56.7167,21.6,63.63,70,100,5.68,LV,1660425335
375,South Bend,41.6834,-86.25,76.44,63,75,11.5,US,1660425058
376,Sinnamary,5.3833,-52.95,81.86,76,71,15.05,GF,1660425337
377,Teguise,29.0605,-13.564,70.02,78,20,17.27,ES,1660425339
378,Huarmey,-10.0681,-78.1522,66.34,74,45,10.2,PE,1660425340
379,Wanaka,-44.7,169.15,34.11,86,5,3.76,NZ,1660425343
380,Vieux-Habitants,16.0589,-61.7659,80.71,77,21,7.56,GP,1660425344
381,Los Llanos de Aridane,28.6585,-17.9182,69.55,90,0,13.8,ES,1660425345
382,Shache,38.4167,77.2406,75.7,51,83,7.27,CN,1660425347
383,Muravlenko,63.7898,74.523,50.23,87,100,24.07,RU,1660425348
384,Shebunino,46.4339,141.8603,66.45,87,100,3.02,RU,1660425349
385,Agadez,19.75,10.25,92.08,13,11,10.4,NE,1660425351
386,Ikom,5.9667,8.7063,72.36,99,100,1.63,NG,1660425352
387,Monastyrshchina,54.3496,31.838,63.95,90,99,7.74,RU,1660425353
388,Salta,-24.7859,-65.4117,75.79,33,0,13.8,AR,1660425355
389,Neuquén,-38.9516,-68.0591,65.08,28,27,13.89,AR,1660425223
390,Bontang,0.1333,117.5,75.6,92,97,7.05,ID,1660425358
391,Vila do Maio,15.1333,-23.2167,79.59,80,100,14.27,CV,1660425360
392,Igbo-Ora,7.4333,3.2833,72.57,93,100,5.66,NG,1660425361
393,Carballo,43.213,-8.691,65.89,88,1,3.62,ES,1660425362
394,Omboué,-1.5746,9.2618,72.41,82,96,9.64,GA,1660425364
395,Caucaia,-3.7361,-38.6531,80.55,74,0,8.05,BR,1660425365
396,Kalí Vrýsi,41.15,23.9,67.05,71,26,4.5,GR,1660425366
397,San Vicente,-26.6167,-54.1333,61.79,76,100,2.48,AR,1660425368
398,Grimshaw,56.1834,-117.6027,83.82,48,40,5.75,CA,1660425369
399,Kazachinskoye,57.6953,93.2761,52.83,75,100,2.26,RU,1660425370
400,Pampierstad,-27.7832,24.6877,52.57,53,87,8.46,ZA,1660425373
401,Krasnosel'kup,65.7,82.4667,50.76,66,69,11.14,RU,1660425374
402,Rome,34.257,-85.1647,86.49,59,40,5.75,US,1660424773
403,San Miguel de Tucumán,-26.8241,-65.2226,80.6,26,0,9.22,AR,1660425376
404,Banda Aceh,5.5577,95.3222,78.8,77,90,6.87,ID,1660425378
405,Areosa,41.7178,-8.8571,62.56,92,1,4.07,PT,1660425379
406,Mindelo,16.8901,-24.9804,78.35,65,75,23.02,CV,1660425381
407,Ust'-Karsk,52.7011,118.8077,55.04,90,40,2.98,RU,1660425382
408,Manado,1.487,124.8455,74.17,94,40,2.3,ID,1660425383
409,Mount Gambier,-37.8333,140.7667,44.69,95,4,5.08,AU,1660425385
410,Takoradze,4.8845,-1.7554,75.33,86,13,11.25,GH,1660425386
411,Farafangana,-22.8167,47.8333,66.45,89,21,8.75,MG,1660425387
412,Dombarovskiy,50.7587,59.5386,70.77,39,13,8.3,RU,1660425389
413,Linares,-35.85,-71.6,58.84,66,75,7.9,CL,1660425390
414,Lakes Entrance,-37.8811,147.981,48.16,77,100,15.26,AU,1660425391
415,Cruzeiro do Sul,-29.5128,-51.9853,65.48,79,100,1.3,BR,1660425393
416,Turukhansk,65.8167,87.9833,51.4,55,99,13.47,RU,1660425394
417,Lata,40.1629,-8.3327,58.78,95,1,2.57,PT,1660425395
418,Oranjemund,-28.55,16.4333,53.6,83,41,7.99,NA,1660425397
419,Kysyl-Syr,63.8986,122.7617,51.8,94,94,4.03,RU,1660425398
420,Mamit,23.9333,92.4833,69.37,100,97,0.6,IN,1660425399
421,Ossora,59.2353,163.0719,59.29,87,76,5.44,RU,1660425401
422,Chātakonda,17.55,80.65,75.79,97,100,8.93,IN,1660425402
423,Buraidah,26.326,43.975,95.45,17,1,9.66,SA,1660425404
424,Bay Roberts,47.5999,-53.2648,69.51,89,100,3.0,CA,1660425405
425,Asău,46.4333,26.4,69.28,88,98,4.36,RO,1660425406
426,Bilibino,68.0546,166.4372,48.38,65,99,2.84,RU,1660425408
427,Payakumbuh,-0.2202,100.6308,71.01,97,100,2.37,ID,1660425409
428,Vanimo,-2.6741,141.3028,75.88,91,100,5.19,PG,1660425410
429,Port Moresby,-9.4431,147.1797,76.42,94,75,5.75,PG,1660425127
430,Pa Sang,18.5262,98.9394,77.2,96,41,1.41,TH,1660425413
431,Marzuq,14.4,46.4667,84.74,49,97,8.41,YE,1660425414
432,Bar Harbor,44.3876,-68.2039,75.34,60,0,3.44,US,1660425416
433,Lander,42.833,-108.7307,84.6,42,20,8.05,US,1660425418
434,Rock Sound,24.9,-76.2,82.63,69,10,3.83,BS,1660425420
435,Camden,39.7835,-74.9663,85.68,37,0,1.99,US,1660425422
436,Sur,22.5667,59.5289,86.74,63,100,9.82,OM,1660425423
437,Altus,34.6381,-99.334,99.16,28,75,3.44,US,1660425424
438,Jalostotitlán,21.2,-102.4667,81.55,36,20,2.66,MX,1660425426
439,Toora-Khem,52.4675,96.11,55.17,87,99,2.06,RU,1660425427
440,Taywarah,33.35,64.4167,61.32,27,3,5.17,AF,1660425429
441,Caicedo,6.4051,-75.9826,71.01,69,60,1.34,CO,1660425431
442,Nanortalik,60.1432,-45.2371,44.38,99,100,6.26,GL,1660425432
443,Ajdabiya,30.7554,20.2263,80.28,64,0,13.69,LY,1660425433
444,Kuytun,54.3419,101.5036,49.89,79,71,3.13,RU,1660425435
445,Koungheul,13.9833,-14.8,77.58,80,98,12.44,SN,1660425436
446,Berlevåg,70.8578,29.0864,51.6,81,100,2.3,NO,1660425437
447,Tessalit,20.1986,1.0114,92.66,29,69,15.19,ML,1660425439
448,La Santisima Trinidad,-14.8333,-64.9,91.38,46,20,9.22,BO,1660425440
449,Dwārka,22.2394,68.9678,79.9,84,100,20.85,IN,1660425443
450,Missoula,47.0166,-113.8009,85.84,33,0,6.31,US,1660425366
451,Olafsvik,64.8945,-23.7142,49.82,73,26,5.14,IS,1660425445
452,Port Lincoln,-34.7333,135.8667,50.99,86,32,7.49,AU,1660425396
453,Carutapera,-1.195,-46.02,79.16,79,59,9.55,BR,1660425448
454,Daru,-9.0763,143.2092,75.96,90,22,9.04,PG,1660425449
455,Naantali,60.4674,22.0243,65.1,77,0,3.44,FI,1660425450
456,Xaçmaz,41.4635,48.806,73.81,56,0,3.53,AZ,1660425452
457,Husavik,66.0449,-17.3389,47.79,83,59,5.95,IS,1660425453
458,La Unión,-5.4,-80.75,74.7,57,43,14.83,PE,1660425454
459,Varnavino,57.4035,45.0916,59.5,74,85,2.66,RU,1660425456
460,Diego de Almagro,-26.3667,-70.05,69.82,24,0,8.01,CL,1660425457
461,Chhāgalnāiya,23.03,91.5069,79.65,78,100,14.47,BD,1660425458
462,Vyshkov,52.4764,31.6873,71.71,74,100,9.46,RU,1660425460
463,Puerto Escondido,15.85,-97.0667,86.83,58,75,10.36,MX,1660425461
464,Kerema,-7.9631,145.7785,75.83,91,92,4.79,PG,1660425462
465,Chicama,-7.8447,-79.1469,61.34,63,10,9.6,PE,1660425464
466,Kozan,37.4552,35.8157,78.21,73,85,2.95,TR,1660425465
467,Saint-François,46.4154,3.9054,70.68,42,0,2.3,FR,1660425466
468,Ol'ga,43.7444,135.2892,62.01,92,37,3.04,RU,1660425468
469,High Rock,26.6208,-78.2833,82.42,64,93,2.35,BS,1660425469
470,Nioro,13.35,-15.75,75.78,85,99,10.58,GM,1660425470
471,Kamenka,51.3223,42.7678,67.55,90,100,6.2,RU,1660425472
472,Khromtau,50.2503,58.4347,71.02,36,5,8.25,KZ,1660425474
473,Sol'-Iletsk,51.1631,54.9918,68.81,55,13,8.3,RU,1660425475
474,Saldanha,-33.0117,17.9442,51.85,66,69,18.43,ZA,1660425477
475,Chūru,28.3,74.95,82.11,71,91,11.25,IN,1660425478
476,Pangnirtung,66.1451,-65.7125,45.64,93,100,5.55,CA,1660425394
477,Arkadak,51.9326,43.4978,69.26,72,100,0.96,RU,1660425481
478,Merauke,-8.4667,140.3333,75.92,89,86,10.29,ID,1660425482
479,Genhe,50.7833,121.5167,57.54,70,100,1.97,CN,1660425483
480,Parfen'yevo,58.484,43.4088,63.63,73,90,4.5,RU,1660425485
481,Aguié,13.506,7.7786,80.85,64,100,8.48,NE,1660425486
482,Vestmannaeyjar,63.4427,-20.2734,48.76,89,100,13.0,IS,1660425487
483,San Juan,-31.5375,-68.5364,74.35,12,60,2.95,AR,1660425353
484,Yar-Sale,66.8333,70.8333,51.53,77,100,10.04,RU,1660425490
485,Half Moon Bay,37.4636,-122.4286,89.8,62,40,24.16,US,1660425412
486,Grand Forks,47.9417,-97.4337,78.73,50,40,4.61,US,1660425320
487,Sibolga,1.7427,98.7792,76.03,91,100,1.43,ID,1660425495
488,Esperantinópolis,-4.8667,-44.7083,85.57,39,26,2.53,BR,1660425496
489,Shuya,56.8487,41.3883,63.16,76,100,3.8,RU,1660425497
490,Zeya,53.75,127.2667,54.23,96,97,0.74,RU,1660425499
491,Qujing,25.4833,103.7833,59.86,97,10,3.42,CN,1660425500
492,Marawi,7.9986,124.2928,68.85,93,86,4.9,PH,1660425501
493,San Bernardo,-33.6,-70.7167,65.88,48,4,4.94,CL,1660425503
494,Makakilo City,21.3469,-158.0858,83.95,56,20,14.97,US,1660425504
495,Rio Grande,-32.035,-52.0986,66.31,85,7,7.02,BR,1660425505
496,Verkhnevilyuysk,63.4453,120.3167,53.13,98,100,4.74,RU,1660425507
497,Berdigestyakh,62.0989,126.6992,54.27,96,92,4.32,RU,1660425508
498,Roald,62.5833,6.1333,62.17,94,75,8.05,NO,1660425509
499,São Félix do Xingu,-6.6447,-51.995,84.72,49,93,2.84,BR,1660425511
500,Algiers,36.7525,3.042,87.62,40,0,8.05,DZ,1660425512
501,Fuyu,45.1833,124.8167,63.14,73,100,4.23,CN,1660425513
502,Mergen,49.1833,125.2167,59.94,88,71,3.29,CN,1660425217
503,Menzelinsk,55.7271,53.1026,56.95,61,100,4.72,RU,1660425516
504,Salinas,36.6777,-121.6555,97.02,59,0,16.11,US,1660425320
505,Oddur,4.1213,43.8894,72.54,70,95,19.24,SO,1660425518
506,Obo,5.3998,26.4869,68.97,97,100,2.44,CF,1660425520
507,Bongandanga,1.5,21.05,69.8,97,100,2.57,CD,1660425521
508,Québec,46.8123,-71.2145,76.23,54,75,9.22,CA,1660425411
509,Severomuysk,56.1481,113.4267,44.4,87,72,4.29,RU,1660425524
510,Margate,51.3813,1.3862,74.1,64,1,3.0,GB,1660425525
511,Mayna,54.1135,47.6231,61.99,80,0,5.44,RU,1660425526
512,Dongsheng,39.8161,109.9776,71.56,86,97,13.87,CN,1660425528
513,Iwanai,42.9744,140.5089,66.72,81,100,2.84,JP,1660425529
514,Altamont,42.2068,-121.7372,84.78,17,0,4.0,US,1660425530
515,Samarai,-10.6167,150.6667,78.94,85,95,5.17,PG,1660425532
516,Laguna,38.421,-121.4238,97.34,27,0,8.05,US,1660425533
517,Northam,51.0333,-4.2167,74.39,54,100,7.54,GB,1660425534
518,Sucúa,-2.4667,-78.1667,84.94,54,40,8.05,EC,1660425536
519,Nador,35.174,-2.9287,84.45,70,0,2.3,MA,1660425537
520,Mahajanga,-15.7167,46.3167,71.53,61,0,11.59,MG,1660425538
521,Kālāgarh Project Colony,29.5,78.75,81.84,68,1,2.62,IN,1660425540
522,Vypolzovo,57.8767,33.6986,61.65,78,85,1.43,RU,1660425541
523,Kjøllefjord,70.9457,27.3465,50.05,87,100,8.05,NO,1660425443
524,Satipo,-11.2522,-74.6386,89.19,36,28,1.41,PE,1660425544
525,Rafai,4.95,23.9167,68.74,99,100,2.21,CF,1660425545
526,Castelo do Piauí,-5.3222,-41.5525,87.96,23,16,7.76,BR,1660425546
527,Catió,11.2833,-15.25,75.49,89,100,9.46,GW,1660425548
528,Redlands,34.0556,-117.1825,104.14,25,40,3.44,US,1660425487
529,Yarmouth,41.7057,-70.2286,75.34,74,0,13.8,US,1660425550
530,Drezdenko,52.8383,15.8308,70.45,87,99,1.83,PL,1660425551
531,Boali,4.8005,18.1275,72.55,93,100,2.53,CF,1660425553
532,Tibati,6.4667,12.6333,66.18,97,100,3.2,CM,1660425554
533,Itoman,26.1247,127.6694,83.17,87,20,10.36,JP,1660425555
534,Sembakung,3.8167,117.25,72.7,100,100,0.74,ID,1660425501
535,Thaba-Tseka,-29.522,28.6084,47.17,38,94,10.56,LS,1660425558
536,Ambovombe,-25.1667,46.0833,67.21,67,0,5.79,MG,1660425559
537,Bahía Blanca,-38.7196,-62.2724,64.6,37,81,13.47,AR,1660425561
538,Verkhoyansk,67.5447,133.385,46.29,83,97,4.5,RU,1660425562
539,Piteå,65.3172,21.4794,55.49,94,93,7.9,SE,1660425564
540,Srandakan,-7.9386,110.2506,75.24,92,51,2.1,ID,1660425565
541,Honningsvåg,70.9821,25.9704,49.75,87,100,6.91,NO,1660425566
542,Camacha,33.0833,-16.3333,69.22,83,40,9.22,PT,1660425568
543,Port Elizabeth,-33.918,25.5701,47.32,96,75,3.44,ZA,1660425569
544,Primo Tapia,32.22,-116.9172,85.41,64,46,8.3,MX,1660425571
545,Usta Muhammad,28.1794,68.0445,78.71,88,100,1.95,PK,1660425573
546,Traverse City,44.7631,-85.6206,62.35,91,100,3.44,US,1660425461
547,Balakirevo,56.5059,38.8432,63.79,71,97,2.91,RU,1660425575
548,Birao,10.2849,22.7882,71.56,94,42,4.54,CF,1660425577
549,Madoc,44.5084,-77.4745,80.31,31,11,2.98,CA,1660425578
550,Bāramūla,34.2,74.35,67.05,91,13,3.06,IN,1660425579
551,Araouane,18.9048,-3.5265,99.55,27,8,6.31,ML,1660425581
552,Presque Isle,46.6811,-68.0159,75.29,57,100,6.91,US,1660425566
553,Haringhāta,22.95,88.5667,80.51,91,99,17.13,IN,1660425583
554,Koszalin,54.1944,16.1722,68.47,63,46,7.81,PL,1660425584
555,Wahiawā,21.5028,-158.0236,82.15,59,20,11.5,US,1660425586
556,Bitung,1.4451,125.1824,74.25,86,83,11.12,ID,1660425587
557,Savelugu,9.6244,-0.8253,75.97,89,99,6.4,GH,1660425588
558,Winslow,35.0242,-110.6974,87.98,33,40,6.91,US,1660425590
559,Khani,41.9563,42.9566,63.97,50,0,4.81,GE,1660425591
560,Buala,-8.145,159.5921,80.85,78,19,4.0,SB,1660425592
561,Tubmanburg,6.8708,-10.8172,73.09,92,100,3.22,LR,1660425594
562,Ambon City,-3.6954,128.1814,77.14,94,75,3.44,ID,1660425595
563,Guiratinga,-16.3494,-53.7583,86.77,18,2,4.88,BR,1660425596
564,Fallon,39.4735,-118.7774,93.45,8,20,3.44,US,1660425598
565,Trincomalee,8.5711,81.2335,80.56,72,99,13.13,LK,1660425599
